-- phpMyAdmin SQL Dump
-- version 5.0.2
-- https://www.phpmyadmin.net/
--
-- Host: 127.0.0.1:3306
-- Generation Time: Feb 06, 2021 at 10:25 AM
-- Server version: 5.7.31
-- PHP Version: 7.3.21

SET SQL_MODE = "NO_AUTO_VALUE_ON_ZERO";
START TRANSACTION;
SET time_zone = "+00:00";


/*!40101 SET @OLD_CHARACTER_SET_CLIENT=@@CHARACTER_SET_CLIENT */;
/*!40101 SET @OLD_CHARACTER_SET_RESULTS=@@CHARACTER_SET_RESULTS */;
/*!40101 SET @OLD_COLLATION_CONNECTION=@@COLLATION_CONNECTION */;
/*!40101 SET NAMES utf8mb4 */;

--
-- Database: `laravel`
--

-- --------------------------------------------------------

--
-- Table structure for table `cities`
--

DROP TABLE IF EXISTS `cities`;
CREATE TABLE IF NOT EXISTS `cities` (
  `id` bigint(20) UNSIGNED NOT NULL AUTO_INCREMENT,
  `state_id` bigint(20) UNSIGNED NOT NULL,
  `name` varchar(191) COLLATE utf8mb4_unicode_ci NOT NULL,
  `created_at` timestamp NULL DEFAULT NULL,
  `updated_at` timestamp NULL DEFAULT NULL,
  `deleted_at` timestamp NULL DEFAULT NULL,
  PRIMARY KEY (`id`),
  KEY `cities_state_id_foreign` (`state_id`)
) ENGINE=MyISAM AUTO_INCREMENT=3 DEFAULT CHARSET=utf8mb4 COLLATE=utf8mb4_unicode_ci;

--
-- Dumping data for table `cities`
--

INSERT INTO `cities` (`id`, `state_id`, `name`, `created_at`, `updated_at`, `deleted_at`) VALUES
(1, 1, 'bengaluru', '2021-02-04 03:15:36', '2021-02-06 04:29:27', NULL),
(2, 2, 'Gujarat', '2021-02-04 06:01:56', '2021-02-06 04:29:43', NULL);

-- --------------------------------------------------------

--
-- Table structure for table `countries`
--

DROP TABLE IF EXISTS `countries`;
CREATE TABLE IF NOT EXISTS `countries` (
  `id` bigint(20) UNSIGNED NOT NULL AUTO_INCREMENT,
  `code` varchar(191) COLLATE utf8mb4_unicode_ci DEFAULT NULL,
  `name` varchar(191) COLLATE utf8mb4_unicode_ci DEFAULT NULL,
  `created_at` timestamp NULL DEFAULT NULL,
  `updated_at` timestamp NULL DEFAULT NULL,
  `deleted_at` timestamp NULL DEFAULT NULL,
  PRIMARY KEY (`id`)
) ENGINE=MyISAM AUTO_INCREMENT=971 DEFAULT CHARSET=utf8mb4 COLLATE=utf8mb4_unicode_ci;

--
-- Dumping data for table `countries`
--

INSERT INTO `countries` (`id`, `code`, `name`, `created_at`, `updated_at`, `deleted_at`) VALUES
(729, 'US', 'United States', '2021-02-06 02:36:09', '2021-02-06 04:21:02', NULL),
(730, 'CA', 'Canada', '2021-02-06 02:36:09', '2021-02-06 02:36:09', NULL),
(731, 'AF', 'Afghanistan', '2021-02-06 02:36:09', '2021-02-06 02:36:09', NULL),
(732, 'AL', 'Albania', '2021-02-06 02:36:09', '2021-02-06 02:36:09', NULL),
(733, 'DZ', 'Algeria', '2021-02-06 02:36:09', '2021-02-06 02:36:09', NULL),
(734, 'AS', 'American Samoa', '2021-02-06 02:36:09', '2021-02-06 02:36:09', NULL),
(735, 'AD', 'Andorra', '2021-02-06 02:36:09', '2021-02-06 02:36:09', NULL),
(736, 'AO', 'Angola', '2021-02-06 02:36:09', '2021-02-06 02:36:09', NULL),
(737, 'AI', 'Anguilla', '2021-02-06 02:36:09', '2021-02-06 02:36:09', NULL),
(738, 'AQ', 'Antarctica', '2021-02-06 02:36:09', '2021-02-06 02:36:09', NULL),
(739, 'AG', 'Antigua and/or Barbuda', '2021-02-06 02:36:09', '2021-02-06 02:36:09', NULL),
(740, 'AR', 'Argentina', '2021-02-06 02:36:09', '2021-02-06 02:36:09', NULL),
(741, 'AM', 'Armenia', '2021-02-06 02:36:09', '2021-02-06 02:36:09', NULL),
(742, 'AW', 'Aruba', '2021-02-06 02:36:09', '2021-02-06 02:36:09', NULL),
(743, 'AU', 'Australia', '2021-02-06 02:36:09', '2021-02-06 02:36:09', NULL),
(744, 'AT', 'Austria', '2021-02-06 02:36:09', '2021-02-06 02:36:09', NULL),
(745, 'AZ', 'Azerbaijan', '2021-02-06 02:36:09', '2021-02-06 02:36:09', NULL),
(746, 'BS', 'Bahamas', '2021-02-06 02:36:09', '2021-02-06 02:36:09', NULL),
(747, 'BH', 'Bahrain', '2021-02-06 02:36:09', '2021-02-06 02:36:09', NULL),
(748, 'BD', 'Bangladesh', '2021-02-06 02:36:09', '2021-02-06 02:36:09', NULL),
(749, 'BB', 'Barbados', '2021-02-06 02:36:09', '2021-02-06 02:36:09', NULL),
(750, 'BY', 'Belarus', '2021-02-06 02:36:09', '2021-02-06 02:36:09', NULL),
(751, 'BE', 'Belgium', '2021-02-06 02:36:09', '2021-02-06 02:36:09', NULL),
(752, 'BZ', 'Belize', '2021-02-06 02:36:09', '2021-02-06 02:36:09', NULL),
(753, 'BJ', 'Benin', '2021-02-06 02:36:09', '2021-02-06 02:36:09', NULL),
(754, 'BM', 'Bermuda', '2021-02-06 02:36:09', '2021-02-06 02:36:09', NULL),
(755, 'BT', 'Bhutan', '2021-02-06 02:36:09', '2021-02-06 02:36:09', NULL),
(756, 'BO', 'Bolivia', '2021-02-06 02:36:09', '2021-02-06 02:36:09', NULL),
(757, 'BA', 'Bosnia and Herzegovina', '2021-02-06 02:36:09', '2021-02-06 02:36:09', NULL),
(758, 'BW', 'Botswana', '2021-02-06 02:36:09', '2021-02-06 02:36:09', NULL),
(759, 'BV', 'Bouvet Island', '2021-02-06 02:36:09', '2021-02-06 02:36:09', NULL),
(760, 'BR', 'Brazil', '2021-02-06 02:36:09', '2021-02-06 02:36:09', NULL),
(761, 'IO', 'British lndian Ocean Territory', '2021-02-06 02:36:09', '2021-02-06 02:36:09', NULL),
(762, 'BN', 'Brunei Darussalam', '2021-02-06 02:36:09', '2021-02-06 02:36:09', NULL),
(763, 'BG', 'Bulgaria', '2021-02-06 02:36:09', '2021-02-06 02:36:09', NULL),
(764, 'BF', 'Burkina Faso', '2021-02-06 02:36:09', '2021-02-06 02:36:09', NULL),
(765, 'BI', 'Burundi', '2021-02-06 02:36:09', '2021-02-06 02:36:09', NULL),
(766, 'KH', 'Cambodia', '2021-02-06 02:36:09', '2021-02-06 02:36:09', NULL),
(767, 'CM', 'Cameroon', '2021-02-06 02:36:09', '2021-02-06 02:36:09', NULL),
(768, 'CV', 'Cape Verde', '2021-02-06 02:36:09', '2021-02-06 02:36:09', NULL),
(769, 'KY', 'Cayman Islands', '2021-02-06 02:36:09', '2021-02-06 02:36:09', NULL),
(770, 'CF', 'Central African Republic', '2021-02-06 02:36:09', '2021-02-06 02:36:09', NULL),
(771, 'TD', 'Chad', '2021-02-06 02:36:09', '2021-02-06 02:36:09', NULL),
(772, 'CL', 'Chile', '2021-02-06 02:36:09', '2021-02-06 02:36:09', NULL),
(773, 'CN', 'China', '2021-02-06 02:36:09', '2021-02-06 02:36:09', NULL),
(774, 'CX', 'Christmas Island', '2021-02-06 02:36:09', '2021-02-06 02:36:09', NULL),
(775, 'CC', 'Cocos (Keeling) Islands', '2021-02-06 02:36:09', '2021-02-06 02:36:09', NULL),
(776, 'CO', 'Colombia', '2021-02-06 02:36:09', '2021-02-06 02:36:09', NULL),
(777, 'KM', 'Comoros', '2021-02-06 02:36:09', '2021-02-06 02:36:09', NULL),
(778, 'CG', 'Congo', '2021-02-06 02:36:09', '2021-02-06 02:36:09', NULL),
(779, 'CK', 'Cook Islands', '2021-02-06 02:36:09', '2021-02-06 02:36:09', NULL),
(780, 'CR', 'Costa Rica', '2021-02-06 02:36:09', '2021-02-06 02:36:09', NULL),
(781, 'HR', 'Croatia (Hrvatska)', '2021-02-06 02:36:09', '2021-02-06 02:36:09', NULL),
(782, 'CU', 'Cuba', '2021-02-06 02:36:09', '2021-02-06 02:36:09', NULL),
(783, 'CY', 'Cyprus', '2021-02-06 02:36:09', '2021-02-06 02:36:09', NULL),
(784, 'CZ', 'Czech Republic', '2021-02-06 02:36:09', '2021-02-06 02:36:09', NULL),
(785, 'CD', 'Democratic Republic of Congo', '2021-02-06 02:36:09', '2021-02-06 02:36:09', NULL),
(786, 'DK', 'Denmark', '2021-02-06 02:36:09', '2021-02-06 02:36:09', NULL),
(787, 'DJ', 'Djibouti', '2021-02-06 02:36:09', '2021-02-06 02:36:09', NULL),
(788, 'DM', 'Dominica', '2021-02-06 02:36:09', '2021-02-06 02:36:09', NULL),
(789, 'DO', 'Dominican Republic', '2021-02-06 02:36:09', '2021-02-06 02:36:09', NULL),
(790, 'TP', 'East Timor', '2021-02-06 02:36:09', '2021-02-06 02:36:09', NULL),
(791, 'EC', 'Ecudaor', '2021-02-06 02:36:09', '2021-02-06 02:36:09', NULL),
(792, 'EG', 'Egypt', '2021-02-06 02:36:09', '2021-02-06 02:36:09', NULL),
(793, 'SV', 'El Salvador', '2021-02-06 02:36:09', '2021-02-06 02:36:09', NULL),
(794, 'GQ', 'Equatorial Guinea', '2021-02-06 02:36:09', '2021-02-06 02:36:09', NULL),
(795, 'ER', 'Eritrea', '2021-02-06 02:36:09', '2021-02-06 02:36:09', NULL),
(796, 'EE', 'Estonia', '2021-02-06 02:36:09', '2021-02-06 02:36:09', NULL),
(797, 'ET', 'Ethiopia', '2021-02-06 02:36:09', '2021-02-06 02:36:09', NULL),
(798, 'FK', 'Falkland Islands (Malvinas)', '2021-02-06 02:36:09', '2021-02-06 02:36:09', NULL),
(799, 'FO', 'Faroe Islands', '2021-02-06 02:36:09', '2021-02-06 02:36:09', NULL),
(800, 'FJ', 'Fiji', '2021-02-06 02:36:09', '2021-02-06 02:36:09', NULL),
(801, 'FI', 'Finland', '2021-02-06 02:36:09', '2021-02-06 02:36:09', NULL),
(802, 'FR', 'France', '2021-02-06 02:36:09', '2021-02-06 02:36:09', NULL),
(803, 'FX', 'France, Metropolitan', '2021-02-06 02:36:09', '2021-02-06 02:36:09', NULL),
(804, 'GF', 'French Guiana', '2021-02-06 02:36:09', '2021-02-06 02:36:09', NULL),
(805, 'PF', 'French Polynesia', '2021-02-06 02:36:09', '2021-02-06 02:36:09', NULL),
(806, 'TF', 'French Southern Territories', '2021-02-06 02:36:09', '2021-02-06 02:36:09', NULL),
(807, 'GA', 'Gabon', '2021-02-06 02:36:09', '2021-02-06 02:36:09', NULL),
(808, 'GM', 'Gambia', '2021-02-06 02:36:09', '2021-02-06 02:36:09', NULL),
(809, 'GE', 'Georgia', '2021-02-06 02:36:09', '2021-02-06 02:36:09', NULL),
(810, 'DE', 'Germany', '2021-02-06 02:36:09', '2021-02-06 02:36:09', NULL),
(811, 'GH', 'Ghana', '2021-02-06 02:36:09', '2021-02-06 02:36:09', NULL),
(812, 'GI', 'Gibraltar', '2021-02-06 02:36:09', '2021-02-06 02:36:09', NULL),
(813, 'GR', 'Greece', '2021-02-06 02:36:09', '2021-02-06 02:36:09', NULL),
(814, 'GL', 'Greenland', '2021-02-06 02:36:09', '2021-02-06 02:36:09', NULL),
(815, 'GD', 'Grenada', '2021-02-06 02:36:09', '2021-02-06 02:36:09', NULL),
(816, 'GP', 'Guadeloupe', '2021-02-06 02:36:09', '2021-02-06 02:36:09', NULL),
(817, 'GU', 'Guam', '2021-02-06 02:36:09', '2021-02-06 02:36:09', NULL),
(818, 'GT', 'Guatemala', '2021-02-06 02:36:09', '2021-02-06 02:36:09', NULL),
(819, 'GN', 'Guinea', '2021-02-06 02:36:09', '2021-02-06 02:36:09', NULL),
(820, 'GW', 'Guinea-Bissau', '2021-02-06 02:36:09', '2021-02-06 02:36:09', NULL),
(821, 'GY', 'Guyana', '2021-02-06 02:36:09', '2021-02-06 02:36:09', NULL),
(822, 'HT', 'Haiti', '2021-02-06 02:36:09', '2021-02-06 02:36:09', NULL),
(823, 'HM', 'Heard and Mc Donald Islands', '2021-02-06 02:36:09', '2021-02-06 02:36:09', NULL),
(824, 'HN', 'Honduras', '2021-02-06 02:36:09', '2021-02-06 02:36:09', NULL),
(825, 'HK', 'Hong Kong', '2021-02-06 02:36:09', '2021-02-06 02:36:09', NULL),
(826, 'HU', 'Hungary', '2021-02-06 02:36:09', '2021-02-06 02:36:09', NULL),
(827, 'IS', 'Iceland', '2021-02-06 02:36:09', '2021-02-06 02:36:09', NULL),
(828, 'IN', 'India', '2021-02-06 02:36:09', '2021-02-06 02:36:09', NULL),
(829, 'ID', 'Indonesia', '2021-02-06 02:36:09', '2021-02-06 02:36:09', NULL),
(830, 'IR', 'Iran (Islamic Republic of)', '2021-02-06 02:36:09', '2021-02-06 02:36:09', NULL),
(831, 'IQ', 'Iraq', '2021-02-06 02:36:09', '2021-02-06 02:36:09', NULL),
(832, 'IE', 'Ireland', '2021-02-06 02:36:09', '2021-02-06 02:36:09', NULL),
(833, 'IL', 'Israel', '2021-02-06 02:36:09', '2021-02-06 02:36:09', NULL),
(834, 'IT', 'Italy', '2021-02-06 02:36:09', '2021-02-06 02:36:09', NULL),
(835, 'CI', 'Ivory Coast', '2021-02-06 02:36:09', '2021-02-06 02:36:09', NULL),
(836, 'JM', 'Jamaica', '2021-02-06 02:36:09', '2021-02-06 02:36:09', NULL),
(837, 'JP', 'Japan', '2021-02-06 02:36:09', '2021-02-06 02:36:09', NULL),
(838, 'JO', 'Jordan', '2021-02-06 02:36:09', '2021-02-06 02:36:09', NULL),
(839, 'KZ', 'Kazakhstan', '2021-02-06 02:36:09', '2021-02-06 02:36:09', NULL),
(840, 'KE', 'Kenya', '2021-02-06 02:36:09', '2021-02-06 02:36:09', NULL),
(841, 'KI', 'Kiribati', '2021-02-06 02:36:09', '2021-02-06 02:36:09', NULL),
(842, 'KP', 'Korea, Democratic People\'s Republic of', '2021-02-06 02:36:09', '2021-02-06 02:36:09', NULL),
(843, 'KR', 'Korea, Republic of', '2021-02-06 02:36:09', '2021-02-06 02:36:09', NULL),
(844, 'KW', 'Kuwait', '2021-02-06 02:36:09', '2021-02-06 02:36:09', NULL),
(845, 'KG', 'Kyrgyzstan', '2021-02-06 02:36:09', '2021-02-06 02:36:09', NULL),
(846, 'LA', 'Lao People\'s Democratic Republic', '2021-02-06 02:36:09', '2021-02-06 02:36:09', NULL),
(847, 'LV', 'Latvia', '2021-02-06 02:36:09', '2021-02-06 02:36:09', NULL),
(848, 'LB', 'Lebanon', '2021-02-06 02:36:09', '2021-02-06 02:36:09', NULL),
(849, 'LS', 'Lesotho', '2021-02-06 02:36:09', '2021-02-06 02:36:09', NULL),
(850, 'LR', 'Liberia', '2021-02-06 02:36:09', '2021-02-06 02:36:09', NULL),
(851, 'LY', 'Libyan Arab Jamahiriya', '2021-02-06 02:36:09', '2021-02-06 02:36:09', NULL),
(852, 'LI', 'Liechtenstein', '2021-02-06 02:36:09', '2021-02-06 02:36:09', NULL),
(853, 'LT', 'Lithuania', '2021-02-06 02:36:09', '2021-02-06 02:36:09', NULL),
(854, 'LU', 'Luxembourg', '2021-02-06 02:36:09', '2021-02-06 02:36:09', NULL),
(855, 'MO', 'Macau', '2021-02-06 02:36:09', '2021-02-06 02:36:09', NULL),
(856, 'MK', 'Macedonia', '2021-02-06 02:36:09', '2021-02-06 02:36:09', NULL),
(857, 'MG', 'Madagascar', '2021-02-06 02:36:09', '2021-02-06 02:36:09', NULL),
(858, 'MW', 'Malawi', '2021-02-06 02:36:09', '2021-02-06 02:36:09', NULL),
(859, 'MY', 'Malaysia', '2021-02-06 02:36:09', '2021-02-06 02:36:09', NULL),
(860, 'MV', 'Maldives', '2021-02-06 02:36:09', '2021-02-06 02:36:09', NULL),
(861, 'ML', 'Mali', '2021-02-06 02:36:09', '2021-02-06 02:36:09', NULL),
(862, 'MT', 'Malta', '2021-02-06 02:36:09', '2021-02-06 02:36:09', NULL),
(863, 'MH', 'Marshall Islands', '2021-02-06 02:36:09', '2021-02-06 02:36:09', NULL),
(864, 'MQ', 'Martinique', '2021-02-06 02:36:09', '2021-02-06 02:36:09', NULL),
(865, 'MR', 'Mauritania', '2021-02-06 02:36:09', '2021-02-06 02:36:09', NULL),
(866, 'MU', 'Mauritius', '2021-02-06 02:36:09', '2021-02-06 02:36:09', NULL),
(867, 'TY', 'Mayotte', '2021-02-06 02:36:09', '2021-02-06 02:36:09', NULL),
(868, 'MX', 'Mexico', '2021-02-06 02:36:09', '2021-02-06 02:36:09', NULL),
(869, 'FM', 'Micronesia, Federated States of', '2021-02-06 02:36:09', '2021-02-06 02:36:09', NULL),
(870, 'MD', 'Moldova, Republic of', '2021-02-06 02:36:09', '2021-02-06 02:36:09', NULL),
(871, 'MC', 'Monaco', '2021-02-06 02:36:09', '2021-02-06 02:36:09', NULL),
(872, 'MN', 'Mongolia', '2021-02-06 02:36:09', '2021-02-06 02:36:09', NULL),
(873, 'MS', 'Montserrat', '2021-02-06 02:36:09', '2021-02-06 02:36:09', NULL),
(874, 'MA', 'Morocco', '2021-02-06 02:36:09', '2021-02-06 02:36:09', NULL),
(875, 'MZ', 'Mozambique', '2021-02-06 02:36:09', '2021-02-06 02:36:09', NULL),
(876, 'MM', 'Myanmar', '2021-02-06 02:36:09', '2021-02-06 02:36:09', NULL),
(877, 'NA', 'Namibia', '2021-02-06 02:36:09', '2021-02-06 02:36:09', NULL),
(878, 'NR', 'Nauru', '2021-02-06 02:36:09', '2021-02-06 02:36:09', NULL),
(879, 'NP', 'Nepal', '2021-02-06 02:36:09', '2021-02-06 02:36:09', NULL),
(880, 'NL', 'Netherlands', '2021-02-06 02:36:09', '2021-02-06 02:36:09', NULL),
(881, 'AN', 'Netherlands Antilles', '2021-02-06 02:36:09', '2021-02-06 02:36:09', NULL),
(882, 'NC', 'New Caledonia', '2021-02-06 02:36:09', '2021-02-06 02:36:09', NULL),
(883, 'NZ', 'New Zealand', '2021-02-06 02:36:09', '2021-02-06 02:36:09', NULL),
(884, 'NI', 'Nicaragua', '2021-02-06 02:36:09', '2021-02-06 02:36:09', NULL),
(885, 'NE', 'Niger', '2021-02-06 02:36:09', '2021-02-06 02:36:09', NULL),
(886, 'NG', 'Nigeria', '2021-02-06 02:36:09', '2021-02-06 02:36:09', NULL),
(887, 'NU', 'Niue', '2021-02-06 02:36:09', '2021-02-06 02:36:09', NULL),
(888, 'NF', 'Norfork Island', '2021-02-06 02:36:09', '2021-02-06 02:36:09', NULL),
(889, 'MP', 'Northern Mariana Islands', '2021-02-06 02:36:09', '2021-02-06 02:36:09', NULL),
(890, 'NO', 'Norway', '2021-02-06 02:36:09', '2021-02-06 02:36:09', NULL),
(891, 'OM', 'Oman', '2021-02-06 02:36:09', '2021-02-06 02:36:09', NULL),
(892, 'PK', 'Pakistan', '2021-02-06 02:36:09', '2021-02-06 02:36:09', NULL),
(893, 'PW', 'Palau', '2021-02-06 02:36:09', '2021-02-06 02:36:09', NULL),
(894, 'PA', 'Panama', '2021-02-06 02:36:09', '2021-02-06 02:36:09', NULL),
(895, 'PG', 'Papua New Guinea', '2021-02-06 02:36:09', '2021-02-06 02:36:09', NULL),
(896, 'PY', 'Paraguay', '2021-02-06 02:36:09', '2021-02-06 02:36:09', NULL),
(897, 'PE', 'Peru', '2021-02-06 02:36:09', '2021-02-06 02:36:09', NULL),
(898, 'PH', 'Philippines', '2021-02-06 02:36:09', '2021-02-06 02:36:09', NULL),
(899, 'PN', 'Pitcairn', '2021-02-06 02:36:09', '2021-02-06 02:36:09', NULL),
(900, 'PL', 'Poland', '2021-02-06 02:36:09', '2021-02-06 02:36:09', NULL),
(901, 'PT', 'Portugal', '2021-02-06 02:36:09', '2021-02-06 02:36:09', NULL),
(902, 'PR', 'Puerto Rico', '2021-02-06 02:36:09', '2021-02-06 02:36:09', NULL),
(903, 'QA', 'Qatar', '2021-02-06 02:36:09', '2021-02-06 02:36:09', NULL),
(904, 'SS', 'Republic of South Sudan', '2021-02-06 02:36:09', '2021-02-06 02:36:09', NULL),
(905, 'RE', 'Reunion', '2021-02-06 02:36:09', '2021-02-06 02:36:09', NULL),
(906, 'RO', 'Romania', '2021-02-06 02:36:09', '2021-02-06 02:36:09', NULL),
(907, 'RU', 'Russian Federation', '2021-02-06 02:36:09', '2021-02-06 02:36:09', NULL),
(908, 'RW', 'Rwanda', '2021-02-06 02:36:09', '2021-02-06 02:36:09', NULL),
(909, 'KN', 'Saint Kitts and Nevis', '2021-02-06 02:36:09', '2021-02-06 02:36:09', NULL),
(910, 'LC', 'Saint Lucia', '2021-02-06 02:36:09', '2021-02-06 02:36:09', NULL),
(911, 'VC', 'Saint Vincent and the Grenadines', '2021-02-06 02:36:09', '2021-02-06 02:36:09', NULL),
(912, 'WS', 'Samoa', '2021-02-06 02:36:09', '2021-02-06 02:36:09', NULL),
(913, 'SM', 'San Marino', '2021-02-06 02:36:09', '2021-02-06 02:36:09', NULL),
(914, 'ST', 'Sao Tome and Principe', '2021-02-06 02:36:09', '2021-02-06 02:36:09', NULL),
(915, 'SA', 'Saudi Arabia', '2021-02-06 02:36:09', '2021-02-06 02:36:09', NULL),
(916, 'SN', 'Senegal', '2021-02-06 02:36:09', '2021-02-06 02:36:09', NULL),
(917, 'RS', 'Serbia', '2021-02-06 02:36:09', '2021-02-06 02:36:09', NULL),
(918, 'SC', 'Seychelles', '2021-02-06 02:36:09', '2021-02-06 02:36:09', NULL),
(919, 'SL', 'Sierra Leone', '2021-02-06 02:36:09', '2021-02-06 02:36:09', NULL),
(920, 'SG', 'Singapore', '2021-02-06 02:36:09', '2021-02-06 02:36:09', NULL),
(921, 'SK', 'Slovakia', '2021-02-06 02:36:09', '2021-02-06 02:36:09', NULL),
(922, 'SI', 'Slovenia', '2021-02-06 02:36:09', '2021-02-06 02:36:09', NULL),
(923, 'SB', 'Solomon Islands', '2021-02-06 02:36:09', '2021-02-06 02:36:09', NULL),
(924, 'SO', 'Somalia', '2021-02-06 02:36:09', '2021-02-06 02:36:09', NULL),
(925, 'ZA', 'South Africa', '2021-02-06 02:36:09', '2021-02-06 02:36:09', NULL),
(926, 'GS', 'South Georgia South Sandwich Islands', '2021-02-06 02:36:09', '2021-02-06 02:36:09', NULL),
(927, 'ES', 'Spain', '2021-02-06 02:36:09', '2021-02-06 02:36:09', NULL),
(928, 'LK', 'Sri Lanka', '2021-02-06 02:36:09', '2021-02-06 02:36:09', NULL),
(929, 'SH', 'St. Helena', '2021-02-06 02:36:09', '2021-02-06 02:36:09', NULL),
(930, 'PM', 'St. Pierre and Miquelon', '2021-02-06 02:36:09', '2021-02-06 02:36:09', NULL),
(931, 'SD', 'Sudan', '2021-02-06 02:36:09', '2021-02-06 02:36:09', NULL),
(932, 'SR', 'Suriname', '2021-02-06 02:36:09', '2021-02-06 02:36:09', NULL),
(933, 'SJ', 'Svalbarn and Jan Mayen Islands', '2021-02-06 02:36:09', '2021-02-06 02:36:09', NULL),
(934, 'SZ', 'Swaziland', '2021-02-06 02:36:09', '2021-02-06 02:36:09', NULL),
(935, 'SE', 'Sweden', '2021-02-06 02:36:09', '2021-02-06 02:36:09', NULL),
(936, 'CH', 'Switzerland', '2021-02-06 02:36:09', '2021-02-06 02:36:09', NULL),
(937, 'SY', 'Syrian Arab Republic', '2021-02-06 02:36:09', '2021-02-06 02:36:09', NULL),
(938, 'TW', 'Taiwan', '2021-02-06 02:36:09', '2021-02-06 02:36:09', NULL),
(939, 'TJ', 'Tajikistan', '2021-02-06 02:36:09', '2021-02-06 02:36:09', NULL),
(940, 'TZ', 'Tanzania, United Republic of', '2021-02-06 02:36:09', '2021-02-06 02:36:09', NULL),
(941, 'TH', 'Thailand', '2021-02-06 02:36:09', '2021-02-06 02:36:09', NULL),
(942, 'TG', 'Togo', '2021-02-06 02:36:09', '2021-02-06 02:36:09', NULL),
(943, 'TK', 'Tokelau', '2021-02-06 02:36:09', '2021-02-06 02:36:09', NULL),
(944, 'TO', 'Tonga', '2021-02-06 02:36:09', '2021-02-06 02:36:09', NULL),
(945, 'TT', 'Trinidad and Tobago', '2021-02-06 02:36:09', '2021-02-06 02:36:09', NULL),
(946, 'TN', 'Tunisia', '2021-02-06 02:36:09', '2021-02-06 02:36:09', NULL),
(947, 'TR', 'Turkey', '2021-02-06 02:36:09', '2021-02-06 02:36:09', NULL),
(948, 'TM', 'Turkmenistan', '2021-02-06 02:36:09', '2021-02-06 02:36:09', NULL),
(949, 'TC', 'Turks and Caicos Islands', '2021-02-06 02:36:09', '2021-02-06 02:36:09', NULL),
(950, 'TV', 'Tuvalu', '2021-02-06 02:36:09', '2021-02-06 02:36:09', NULL),
(951, 'UG', 'Uganda', '2021-02-06 02:36:09', '2021-02-06 02:36:09', NULL),
(952, 'UA', 'Ukraine', '2021-02-06 02:36:09', '2021-02-06 02:36:09', NULL),
(953, 'AE', 'United Arab Emirates', '2021-02-06 02:36:09', '2021-02-06 02:36:09', NULL),
(954, 'GB', 'United Kingdom', '2021-02-06 02:36:09', '2021-02-06 02:36:09', NULL),
(955, 'UM', 'United States minor outlying islands', '2021-02-06 02:36:09', '2021-02-06 02:36:09', NULL),
(956, 'UY', 'Uruguay', '2021-02-06 02:36:09', '2021-02-06 02:36:09', NULL),
(957, 'UZ', 'Uzbekistan', '2021-02-06 02:36:09', '2021-02-06 02:36:09', NULL),
(958, 'VU', 'Vanuatu', '2021-02-06 02:36:09', '2021-02-06 02:36:09', NULL),
(959, 'VA', 'Vatican City State', '2021-02-06 02:36:09', '2021-02-06 02:36:09', NULL),
(960, 'VE', 'Venezuela', '2021-02-06 02:36:09', '2021-02-06 02:36:09', NULL),
(961, 'VN', 'Vietnam', '2021-02-06 02:36:09', '2021-02-06 02:36:09', NULL),
(962, 'VG', 'Virgin Islands (British)', '2021-02-06 02:36:09', '2021-02-06 02:36:09', NULL),
(963, 'VI', 'Virgin Islands (U.S.)', '2021-02-06 02:36:09', '2021-02-06 02:36:09', NULL),
(964, 'WF', 'Wallis and Futuna Islands', '2021-02-06 02:36:09', '2021-02-06 02:36:09', NULL),
(965, 'EH', 'Western Sahara', '2021-02-06 02:36:09', '2021-02-06 02:36:09', NULL),
(966, 'YE', 'Yemen', '2021-02-06 02:36:09', '2021-02-06 02:36:09', NULL),
(967, 'YU', 'Yugoslavia', '2021-02-06 02:36:09', '2021-02-06 02:36:09', NULL),
(968, 'ZR', 'Zaire', '2021-02-06 02:36:09', '2021-02-06 02:36:09', NULL),
(969, 'ZM', 'Zambia', '2021-02-06 02:36:09', '2021-02-06 02:36:09', NULL),
(970, 'ZW', 'Zimbabwe', '2021-02-06 02:36:09', '2021-02-06 02:36:09', NULL);

-- --------------------------------------------------------

--
-- Table structure for table `departments`
--

DROP TABLE IF EXISTS `departments`;
CREATE TABLE IF NOT EXISTS `departments` (
  `id` bigint(20) UNSIGNED NOT NULL AUTO_INCREMENT,
  `name` varchar(191) COLLATE utf8mb4_unicode_ci DEFAULT NULL,
  `created_at` timestamp NULL DEFAULT NULL,
  `updated_at` timestamp NULL DEFAULT NULL,
  `deleted_at` timestamp NULL DEFAULT NULL,
  PRIMARY KEY (`id`)
) ENGINE=MyISAM AUTO_INCREMENT=12 DEFAULT CHARSET=utf8mb4 COLLATE=utf8mb4_unicode_ci;

--
-- Dumping data for table `departments`
--

INSERT INTO `departments` (`id`, `name`, `created_at`, `updated_at`, `deleted_at`) VALUES
(1, 'Vivianne Haag', '2021-02-04 03:37:18', '2021-02-04 06:44:56', NULL),
(2, 'Dr. Kelsie McKenzie V', '2021-02-04 03:37:18', '2021-02-04 03:37:18', NULL),
(3, 'Mr. Kelvin Towne', '2021-02-04 03:37:18', '2021-02-04 03:37:18', NULL),
(4, 'Shayne Klocko', '2021-02-04 03:37:18', '2021-02-04 03:37:18', NULL),
(5, 'Pascale Ward', '2021-02-04 03:37:18', '2021-02-04 03:37:18', NULL),
(6, 'Mr. Diego Wuckert III', '2021-02-04 03:37:18', '2021-02-04 03:37:18', NULL),
(7, 'Helga Koch IV', '2021-02-04 03:37:18', '2021-02-04 03:37:18', NULL),
(8, 'Dora Hamill', '2021-02-04 03:37:18', '2021-02-04 03:37:18', NULL),
(9, 'Jan Cormier', '2021-02-04 03:37:18', '2021-02-04 03:37:18', NULL),
(10, 'Elsa Klein', '2021-02-04 03:37:18', '2021-02-04 03:37:18', NULL),
(11, 'Department', '2021-02-04 06:53:13', '2021-02-04 06:53:13', NULL);

-- --------------------------------------------------------

--
-- Table structure for table `employees`
--

DROP TABLE IF EXISTS `employees`;
CREATE TABLE IF NOT EXISTS `employees` (
  `id` bigint(20) UNSIGNED NOT NULL AUTO_INCREMENT,
  `first_name` varchar(191) COLLATE utf8mb4_unicode_ci DEFAULT NULL,
  `middle_name` varchar(191) COLLATE utf8mb4_unicode_ci DEFAULT NULL,
  `last_name` varchar(191) COLLATE utf8mb4_unicode_ci DEFAULT NULL,
  `address` mediumtext COLLATE utf8mb4_unicode_ci,
  `department_id` bigint(20) UNSIGNED NOT NULL,
  `country_id` bigint(20) UNSIGNED NOT NULL,
  `state_id` bigint(20) UNSIGNED NOT NULL,
  `city_id` bigint(20) UNSIGNED NOT NULL,
  `zipcode` int(11) DEFAULT NULL,
  `birthdate` varchar(191) COLLATE utf8mb4_unicode_ci DEFAULT NULL,
  `date_hired` varchar(191) COLLATE utf8mb4_unicode_ci DEFAULT NULL,
  `created_at` timestamp NULL DEFAULT NULL,
  `updated_at` timestamp NULL DEFAULT NULL,
  `deleted_at` timestamp NULL DEFAULT NULL,
  PRIMARY KEY (`id`),
  KEY `employees_department_id_foreign` (`department_id`),
  KEY `employees_city_id_foreign` (`city_id`),
  KEY `employees_state_id_foreign` (`state_id`),
  KEY `employees_country_id_foreign` (`country_id`)
) ENGINE=MyISAM AUTO_INCREMENT=101 DEFAULT CHARSET=utf8mb4 COLLATE=utf8mb4_unicode_ci;

--
-- Dumping data for table `employees`
--

INSERT INTO `employees` (`id`, `first_name`, `middle_name`, `last_name`, `address`, `department_id`, `country_id`, `state_id`, `city_id`, `zipcode`, `birthdate`, `date_hired`, `created_at`, `updated_at`, `deleted_at`) VALUES
(1, 'Emelie', 'Marcos', 'Greenfelder', '8628 Haley Curve', 6, 100, 1, 1, 395010, '2017-10-01', '1991-09-15', '2021-02-04 03:37:18', '2021-02-06 04:50:48', NULL),
(2, 'Taylor', 'Chesley', 'Dickens', '156 Stacey Square', 2, 100, 1, 1, 395010, '2018-12-17', '1990-08-28', '2021-02-04 03:37:18', '2021-02-04 03:37:18', NULL),
(3, 'Dell', 'John', 'Reichel', '8130 Reggie Fall', 7, 100, 1, 1, 395010, '2008-12-14', '1989-08-29', '2021-02-04 03:37:18', '2021-02-04 03:37:18', NULL),
(4, 'Estel', 'Arnold', 'Greenfelder', '780 Velma Stravenue Apt. 121', 10, 100, 1, 1, 395010, '2015-02-19', '2014-07-02', '2021-02-04 03:37:18', '2021-02-04 03:37:18', NULL),
(5, 'Joanny', 'Sonny', 'Glover', '4527 Langworth Parkway Suite 214', 10, 100, 1, 1, 395010, '2003-10-19', '1999-02-12', '2021-02-04 03:37:18', '2021-02-04 03:37:18', NULL),
(6, 'Claude', 'Orland', 'Cremin', '2184 Jose Corner', 1, 100, 1, 1, 395010, '1971-01-04', '2014-03-14', '2021-02-04 03:37:18', '2021-02-04 03:37:18', NULL),
(7, 'Lillian', 'Glennie', 'Grant', '782 Rodriguez Meadow', 4, 100, 1, 1, 395010, '2011-05-26', '2005-07-27', '2021-02-04 03:37:18', '2021-02-04 03:37:18', NULL),
(8, 'Jena', 'Everardo', 'Walter', '72255 Francisco Lakes', 1, 100, 1, 1, 395010, '2005-11-28', '2013-10-02', '2021-02-04 03:37:18', '2021-02-04 03:37:18', NULL),
(9, 'Chance', 'Vicente', 'Huels', '66707 Pearl Port', 5, 100, 1, 1, 395010, '1982-04-10', '2017-05-28', '2021-02-04 03:37:18', '2021-02-04 03:37:18', NULL),
(10, 'Zoe', 'Karl', 'Mante', '26302 Predovic View', 6, 100, 1, 1, 395010, '1998-02-02', '2011-05-25', '2021-02-04 03:37:18', '2021-02-04 03:37:18', NULL),
(11, 'Zelma', 'Jordan', 'Sipes', '78448 Volkman Tunnel Suite 173', 2, 100, 1, 1, 395010, '2008-07-07', '1997-12-12', '2021-02-04 03:37:18', '2021-02-04 03:37:18', NULL),
(12, 'Clemens', 'Caden', 'Conroy', '981 Mable Trafficway', 1, 100, 1, 1, 395010, '2009-06-03', '2018-06-28', '2021-02-04 03:37:18', '2021-02-04 03:37:18', NULL),
(13, 'Gilberto', 'Rocio', 'Collins', '789 Schmeler Plain', 10, 100, 1, 1, 395010, '1972-10-16', '1986-08-31', '2021-02-04 03:37:18', '2021-02-04 03:37:18', NULL),
(14, 'Colton', 'Edison', 'Jacobs', '904 Feeney Station', 4, 100, 1, 1, 395010, '2010-04-05', '2013-02-22', '2021-02-04 03:37:18', '2021-02-04 03:37:18', NULL),
(15, 'Johnnie', 'Clifton', 'Denesik', '3914 Kerluke Island Suite 827', 7, 100, 1, 1, 395010, '1972-01-22', '1971-11-11', '2021-02-04 03:37:18', '2021-02-04 03:37:18', NULL),
(16, 'Macie', 'Dorcas', 'Gerhold', '6051 Rosie Parkways Apt. 821', 1, 100, 1, 1, 395010, '2014-08-27', '2005-11-26', '2021-02-04 03:37:18', '2021-02-04 03:37:18', NULL),
(17, 'Brandt', 'Ismael', 'Ward', '406 Dovie Plains Apt. 097', 4, 100, 1, 1, 395010, '2000-07-17', '1978-07-29', '2021-02-04 03:37:18', '2021-02-04 03:37:18', NULL),
(18, 'Gustave', 'Norberto', 'Zieme', '961 Leannon Orchard Suite 215', 5, 100, 1, 1, 395010, '2002-02-25', '2001-02-06', '2021-02-04 03:37:18', '2021-02-04 03:37:18', NULL),
(19, 'Frederik', 'Raoul', 'Jenkins', '950 Dickinson Springs', 10, 100, 1, 1, 395010, '1986-06-25', '2011-02-23', '2021-02-04 03:37:18', '2021-02-04 03:37:18', NULL),
(20, 'Andres', 'Wilson', 'Altenwerth', '3742 Jonathon Cape', 9, 100, 1, 1, 395010, '1998-09-05', '1996-01-30', '2021-02-04 03:37:18', '2021-02-04 03:37:18', NULL),
(21, 'Marilou', 'Giovanni', 'Cummerata', '336 Martin Orchard', 3, 100, 1, 1, 395010, '1985-10-12', '1996-04-15', '2021-02-04 03:37:18', '2021-02-04 03:37:18', NULL),
(22, 'Sincere', 'Lester', 'Kautzer', '200 Tyrell Tunnel Apt. 623', 5, 100, 1, 1, 395010, '1972-10-07', '1980-04-23', '2021-02-04 03:37:18', '2021-02-04 03:37:18', NULL),
(23, 'Abbigail', 'Baylee', 'Dicki', '88077 Robel Garden', 9, 100, 1, 1, 395010, '2016-05-15', '2019-08-21', '2021-02-04 03:37:18', '2021-02-04 03:37:18', NULL),
(24, 'Glenda', 'Josiah', 'Funk', '298 Stanton Forest', 1, 100, 1, 1, 395010, '2000-11-11', '1991-11-30', '2021-02-04 03:37:18', '2021-02-04 03:37:18', NULL),
(25, 'Holly', 'Freddie', 'Smitham', '7208 Felton Cliff Apt. 277', 1, 100, 1, 1, 395010, '1981-08-03', '1979-08-29', '2021-02-04 03:37:18', '2021-02-04 03:37:18', NULL),
(26, 'Roger', 'Percival', 'Botsford', '62368 Rebeka Groves Suite 485', 8, 100, 1, 1, 395010, '1980-05-03', '1984-03-16', '2021-02-04 03:37:18', '2021-02-04 03:37:18', NULL),
(27, 'Shanny', 'Hester', 'Miller', '34234 Reilly Plaza Suite 147', 5, 100, 1, 1, 395010, '2014-11-16', '1985-06-25', '2021-02-04 03:37:18', '2021-02-04 03:37:18', NULL),
(28, 'Hayden', 'Vern', 'Langworth', '4630 Huels Stravenue Suite 290', 7, 100, 1, 1, 395010, '2013-08-19', '2003-07-08', '2021-02-04 03:37:18', '2021-02-04 03:37:18', NULL),
(29, 'Jaydon', 'Montana', 'Dietrich', '72063 Barrows Shores', 5, 100, 1, 1, 395010, '1974-04-05', '2019-01-10', '2021-02-04 03:37:18', '2021-02-04 03:37:18', NULL),
(30, 'Rossie', 'Deven', 'Sporer', '63001 Shields Crescent', 8, 100, 1, 1, 395010, '1996-10-03', '1979-08-20', '2021-02-04 03:37:18', '2021-02-04 03:37:18', NULL),
(31, 'Elliott', 'Rocky', 'Hudson', '131 Bins Keys', 7, 100, 1, 1, 395010, '1978-08-26', '1972-12-14', '2021-02-04 03:37:18', '2021-02-04 03:37:18', NULL),
(32, 'Moses', 'Cordelia', 'Bechtelar', '28777 Feil Road Apt. 780', 8, 100, 1, 1, 395010, '1997-01-26', '1995-04-27', '2021-02-04 03:37:18', '2021-02-04 03:37:18', NULL),
(33, 'Lexie', 'Toby', 'Adams', '8907 Ezequiel Coves', 6, 100, 1, 1, 395010, '1977-11-22', '2014-12-26', '2021-02-04 03:37:18', '2021-02-04 03:37:18', NULL),
(34, 'Damien', 'Sheridan', 'Shanahan', '67662 Rice Village', 2, 100, 1, 1, 395010, '2013-03-16', '1970-08-31', '2021-02-04 03:37:18', '2021-02-04 03:37:18', NULL),
(35, 'Bryce', 'Humberto', 'Kuhic', '18952 Buckridge Island', 8, 100, 1, 1, 395010, '2016-10-27', '1990-03-10', '2021-02-04 03:37:18', '2021-02-04 03:37:18', NULL),
(36, 'Rosalee', 'Floy', 'Hessel', '4706 Chandler View Suite 530', 8, 100, 1, 1, 395010, '2000-11-06', '2003-02-27', '2021-02-04 03:37:18', '2021-02-04 03:37:18', NULL),
(37, 'Berneice', 'Jessy', 'Jenkins', '6209 Kirlin Walks', 10, 100, 1, 1, 395010, '2017-09-09', '1984-11-12', '2021-02-04 03:37:18', '2021-02-04 03:37:18', NULL),
(38, 'Barrett', 'Elwin', 'Mann', '525 Johnson Stream Apt. 611', 3, 100, 1, 1, 395010, '1976-01-07', '1985-11-12', '2021-02-04 03:37:18', '2021-02-04 03:37:18', NULL),
(39, 'Cathryn', 'Geovanni', 'Tremblay', '495 Zboncak Roads', 6, 100, 1, 1, 395010, '1970-11-08', '1982-09-11', '2021-02-04 03:37:18', '2021-02-04 03:37:18', NULL),
(40, 'Fidel', 'Jacinto', 'Bahringer', '61928 Wehner Springs', 9, 100, 1, 1, 395010, '2020-02-22', '1970-04-30', '2021-02-04 03:37:18', '2021-02-04 03:37:18', NULL),
(41, 'Lynn', 'Orin', 'Cummerata', '3715 Lillian Track', 1, 100, 1, 1, 395010, '2009-01-21', '1988-01-08', '2021-02-04 03:37:18', '2021-02-04 03:37:18', NULL),
(42, 'Lesly', 'Ernest', 'Carter', '2508 Cole Inlet', 10, 100, 1, 1, 395010, '1984-01-21', '2005-11-02', '2021-02-04 03:37:18', '2021-02-04 03:37:18', NULL),
(43, 'Janie', 'Eladio', 'Deckow', '6351 Sporer Coves', 6, 100, 1, 1, 395010, '1986-07-04', '1970-07-20', '2021-02-04 03:37:18', '2021-02-04 03:37:18', NULL),
(44, 'Obie', 'Diego', 'Krajcik', '1135 Dickinson Inlet Suite 738', 9, 100, 1, 1, 395010, '1985-09-03', '1988-11-29', '2021-02-04 03:37:18', '2021-02-04 03:37:18', NULL),
(45, 'Keyon', 'Haley', 'Dibbert', '519 Earlene Ranch Suite 377', 1, 100, 1, 1, 395010, '2017-05-10', '1984-11-24', '2021-02-04 03:37:18', '2021-02-04 03:37:18', NULL),
(46, 'Mitchell', 'Colton', 'Kiehn', '8103 Mosciski Prairie Suite 774', 10, 100, 1, 1, 395010, '2008-08-05', '1991-01-10', '2021-02-04 03:37:18', '2021-02-04 03:37:18', NULL),
(47, 'Enola', 'Jaydon', 'Doyle', '95347 Oberbrunner Mountain', 1, 100, 1, 1, 395010, '1973-03-02', '2005-01-19', '2021-02-04 03:37:18', '2021-02-04 03:37:18', NULL),
(48, 'Talia', 'Lyric', 'Daniel', '747 Emard Falls', 10, 100, 1, 1, 395010, '2006-05-08', '2001-12-15', '2021-02-04 03:37:18', '2021-02-04 03:37:18', NULL),
(49, 'Johan', 'Kristoffer', 'Grant', '71034 Rau Lakes Apt. 780', 2, 100, 1, 1, 395010, '2009-08-03', '2004-07-21', '2021-02-04 03:37:18', '2021-02-04 03:37:18', NULL),
(50, 'Keshaun', 'Geovany', 'Wilkinson', '21925 Wilma Way Suite 011', 3, 100, 1, 1, 395010, '2014-03-15', '2017-03-22', '2021-02-04 03:37:18', '2021-02-04 03:37:18', NULL),
(51, 'Jeanie', 'Janick', 'McLaughlin', '922 Padberg Underpass', 10, 100, 1, 1, 395010, '2005-04-07', '2003-03-30', '2021-02-04 03:37:18', '2021-02-04 03:37:18', NULL),
(52, 'Jake', 'Fern', 'O\'Kon', '313 Streich Court', 2, 100, 1, 1, 395010, '1991-12-31', '2002-03-18', '2021-02-04 03:37:18', '2021-02-04 03:37:18', NULL),
(53, 'Mckenna', 'Manley', 'Fahey', '437 Lelah Ports', 7, 100, 1, 1, 395010, '2019-03-24', '2007-08-29', '2021-02-04 03:37:18', '2021-02-04 03:37:18', NULL),
(54, 'Rhea', 'Rogers', 'Corkery', '6368 Bartell Tunnel Suite 258', 5, 100, 1, 1, 395010, '2016-05-14', '1989-05-25', '2021-02-04 03:37:18', '2021-02-04 03:37:18', NULL),
(55, 'Cleveland', 'Osborne', 'Steuber', '609 Bashirian Estates Suite 420', 9, 100, 1, 1, 395010, '1995-04-14', '2015-08-29', '2021-02-04 03:37:18', '2021-02-04 03:37:18', NULL),
(56, 'Amber', 'Lindsey', 'Nolan', '84291 Doyle Meadows', 3, 100, 1, 1, 395010, '1997-06-18', '2015-05-22', '2021-02-04 03:37:18', '2021-02-04 03:37:18', NULL),
(57, 'Lucile', 'Toney', 'Greenholt', '12084 Kay Bridge', 8, 100, 1, 1, 395010, '1978-06-02', '2000-02-10', '2021-02-04 03:37:18', '2021-02-04 03:37:18', NULL),
(58, 'Theodore', 'Joshua', 'Kulas', '6451 Renner Skyway Apt. 918', 6, 100, 1, 1, 395010, '2011-05-20', '2001-01-20', '2021-02-04 03:37:18', '2021-02-04 03:37:18', NULL),
(59, 'Brook', 'Clair', 'Treutel', '1733 Emmanuelle Way', 10, 100, 1, 1, 395010, '2016-09-06', '1998-05-02', '2021-02-04 03:37:18', '2021-02-04 03:37:18', NULL),
(60, 'Dangelo', 'Marley', 'Botsford', '39279 Lakin Parkway', 10, 100, 1, 1, 395010, '1985-03-17', '1978-07-20', '2021-02-04 03:37:18', '2021-02-04 03:37:18', NULL),
(61, 'Brown', 'Blaze', 'Kohler', '11934 Boehm Shoals Apt. 067', 7, 100, 1, 1, 395010, '1976-09-02', '2015-09-23', '2021-02-04 03:37:18', '2021-02-04 03:37:18', NULL),
(62, 'Rafaela', 'Hubert', 'Mohr', '519 Anibal Brooks', 8, 100, 1, 1, 395010, '1973-01-28', '1975-05-23', '2021-02-04 03:37:18', '2021-02-04 03:37:18', NULL),
(63, 'Wyatt', 'Francesco', 'Kertzmann', '664 Ebert Roads', 9, 100, 1, 1, 395010, '2003-07-30', '1990-03-05', '2021-02-04 03:37:18', '2021-02-04 03:37:18', NULL),
(64, 'Rosanna', 'Aric', 'Willms', '47183 Wyman Mountain', 9, 100, 1, 1, 395010, '2007-10-04', '1987-06-02', '2021-02-04 03:37:18', '2021-02-04 03:37:18', NULL),
(65, 'Kacey', 'Dimitri', 'McGlynn', '636 Clemmie Radial Suite 295', 7, 100, 1, 1, 395010, '1986-01-02', '2017-11-15', '2021-02-04 03:37:18', '2021-02-04 03:37:18', NULL),
(66, 'Vivienne', 'Cleveland', 'Hamill', '5151 Nitzsche Haven Suite 287', 6, 100, 1, 1, 395010, '1980-02-22', '1995-11-08', '2021-02-04 03:37:18', '2021-02-04 03:37:18', NULL),
(67, 'Mariam', 'Brant', 'Hyatt', '39127 Hardy Trail Apt. 518', 9, 100, 1, 1, 395010, '1978-09-16', '1973-12-15', '2021-02-04 03:37:18', '2021-02-04 03:37:18', NULL),
(68, 'Toby', 'Reginald', 'Tillman', '930 Lindsay Lake', 7, 100, 1, 1, 395010, '1973-08-01', '2005-04-21', '2021-02-04 03:37:18', '2021-02-04 03:37:18', NULL),
(69, 'Bruce', 'Karley', 'Medhurst', '18384 Stanton Streets Suite 299', 9, 100, 1, 1, 395010, '1994-12-17', '1993-12-28', '2021-02-04 03:37:18', '2021-02-04 03:37:18', NULL),
(70, 'Mae', 'Everett', 'Kozey', '259 Magali Flats Apt. 821', 3, 100, 1, 1, 395010, '1986-09-30', '1994-01-30', '2021-02-04 03:37:18', '2021-02-04 03:37:18', NULL),
(71, 'Dorthy', 'Johann', 'Beatty', '5997 Hilbert Highway Suite 626', 1, 100, 1, 1, 395010, '1985-06-01', '2009-09-02', '2021-02-04 03:37:18', '2021-02-04 03:37:18', NULL),
(72, 'Mikel', 'Grover', 'Fisher', '95313 Moore River', 10, 100, 1, 1, 395010, '1983-07-18', '2019-12-22', '2021-02-04 03:37:18', '2021-02-04 03:37:18', NULL),
(73, 'Destiny', 'Cody', 'Langosh', '932 Roel Alley Apt. 240', 10, 100, 1, 1, 395010, '2020-05-23', '1977-03-13', '2021-02-04 03:37:18', '2021-02-04 03:37:18', NULL),
(74, 'Erich', 'Jayme', 'Hoeger', '291 Kilback Shore', 8, 100, 1, 1, 395010, '1977-06-28', '2003-06-24', '2021-02-04 03:37:18', '2021-02-04 03:37:18', NULL),
(75, 'Dayana', 'Omari', 'Bailey', '987 Okuneva Lights Suite 571', 1, 100, 1, 1, 395010, '1987-06-09', '1983-12-17', '2021-02-04 03:37:18', '2021-02-04 03:37:18', NULL),
(76, 'Erick', 'Bryon', 'Hintz', '865 Mandy Neck Apt. 866', 9, 100, 1, 1, 395010, '1997-02-27', '1984-11-09', '2021-02-04 03:37:18', '2021-02-04 03:37:18', NULL),
(77, 'Joseph', 'Amani', 'Anderson', '49580 Vallie Ramp', 7, 100, 1, 1, 395010, '2017-03-04', '1970-01-01', '2021-02-04 03:37:18', '2021-02-04 03:37:18', NULL),
(78, 'Jamie', 'Darrin', 'Tillman', '6318 Anderson Mount Apt. 076', 2, 100, 1, 1, 395010, '1973-08-14', '1991-01-20', '2021-02-04 03:37:18', '2021-02-04 03:37:18', NULL),
(79, 'Vella', 'Macey', 'Pagac', '414 Turner Turnpike Apt. 646', 2, 100, 1, 1, 395010, '2013-11-02', '2018-08-27', '2021-02-04 03:37:18', '2021-02-04 03:37:18', NULL),
(80, 'Mallie', 'Gavin', 'Bogisich', '7647 Serena Trail', 8, 100, 1, 1, 395010, '1983-05-24', '2003-11-25', '2021-02-04 03:37:18', '2021-02-04 03:37:18', NULL),
(81, 'Mose', 'Mortimer', 'Prohaska', '50095 Beatty Plaza', 6, 100, 1, 1, 395010, '2003-06-07', '1970-12-19', '2021-02-04 03:37:18', '2021-02-04 03:37:18', NULL),
(82, 'Dominic', 'Carleton', 'Stroman', '33032 Alexander Trail', 5, 100, 1, 1, 395010, '1981-07-30', '1987-09-12', '2021-02-04 03:37:18', '2021-02-04 03:37:18', NULL),
(83, 'Maudie', 'Damon', 'Kihn', '51082 Murphy Turnpike Suite 066', 10, 100, 1, 1, 395010, '2009-12-26', '1974-09-04', '2021-02-04 03:37:18', '2021-02-04 03:37:18', NULL),
(84, 'Alysson', 'Amparo', 'Witting', '957 Williamson Stream', 6, 100, 1, 1, 395010, '1974-03-21', '2005-02-01', '2021-02-04 03:37:18', '2021-02-04 03:37:18', NULL),
(85, 'Anastasia', 'Cary', 'West', '4855 Windler Springs', 4, 100, 1, 1, 395010, '2016-09-01', '1992-07-19', '2021-02-04 03:37:18', '2021-02-04 03:37:18', NULL),
(86, 'Shyann', 'Jakob', 'Langworth', '95773 Roob Spring Apt. 811', 2, 100, 1, 1, 395010, '1973-11-05', '1971-10-16', '2021-02-04 03:37:18', '2021-02-04 03:37:18', NULL),
(87, 'Ryder', 'Price', 'Lubowitz', '137 Ruthie Tunnel Suite 966', 6, 100, 1, 1, 395010, '2017-07-13', '1978-08-17', '2021-02-04 03:37:18', '2021-02-04 03:37:18', NULL),
(88, 'Margot', 'Camryn', 'Ebert', '584 Jaycee Tunnel Apt. 286', 1, 100, 1, 1, 395010, '2011-05-13', '1971-04-24', '2021-02-04 03:37:18', '2021-02-04 03:37:18', NULL),
(89, 'Ricardo', 'Lesley', 'Rutherford', '8188 Derek Gateway', 8, 100, 1, 1, 395010, '1979-12-08', '1998-03-30', '2021-02-04 03:37:18', '2021-02-04 03:37:18', NULL),
(90, 'Dante', 'Dangelo', 'Daniel', '9636 Haley Isle Apt. 846', 9, 100, 1, 1, 395010, '1992-09-29', '1970-12-20', '2021-02-04 03:37:18', '2021-02-04 03:37:18', NULL),
(91, 'Trever', 'Webster', 'Parker', '381 Arnoldo Port', 6, 100, 1, 1, 395010, '1990-01-08', '2008-05-25', '2021-02-04 03:37:18', '2021-02-04 03:37:18', NULL),
(92, 'Idell', 'Justen', 'Carter', '291 Price Hills', 10, 100, 1, 1, 395010, '2011-12-31', '1981-01-01', '2021-02-04 03:37:18', '2021-02-04 03:37:18', NULL),
(93, 'Pete', 'Lourdes', 'Hessel', '640 Turcotte Parks', 5, 100, 1, 1, 395010, '2000-09-07', '1972-05-27', '2021-02-04 03:37:18', '2021-02-04 03:37:18', NULL),
(94, 'Zelda', 'Davion', 'Satterfield', '47542 Felipa Cape', 9, 100, 1, 1, 395010, '1971-02-16', '1986-12-08', '2021-02-04 03:37:18', '2021-02-04 03:37:18', NULL),
(95, 'Rocky', 'Sammy', 'Nader', '75592 Hagenes Lane', 8, 100, 1, 1, 395010, '1995-06-24', '2006-01-12', '2021-02-04 03:37:18', '2021-02-04 03:37:18', NULL),
(96, 'Melvin', 'Agustin', 'Fay', '257 Elsa Union', 8, 100, 1, 1, 395010, '1982-03-18', '2007-08-08', '2021-02-04 03:37:18', '2021-02-04 03:37:18', NULL),
(97, 'Elda', 'Isaiah', 'Schiller', '968 Rohan Hills', 3, 100, 1, 1, 395010, '1985-01-27', '2017-07-12', '2021-02-04 03:37:18', '2021-02-04 03:37:18', NULL),
(98, 'Manuela', 'Boris', 'Moore', '50915 Aditya Circles Apt. 836', 1, 100, 1, 1, 395010, '1989-12-21', '2018-04-20', '2021-02-04 03:37:18', '2021-02-04 03:37:18', NULL),
(99, 'Mae', 'Dayton', 'Hoppe', '566 Schuppe Terrace Apt. 759', 6, 100, 1, 1, 395010, '1996-08-15', '1999-05-31', '2021-02-04 03:37:18', '2021-02-04 03:37:18', NULL),
(100, 'Dora', 'Winston', 'Steuber', '77123 Landen Well Suite 646', 2, 100, 1, 1, 395010, '2000-10-19', '2009-08-08', '2021-02-04 03:37:18', '2021-02-04 03:37:18', NULL);

-- --------------------------------------------------------

--
-- Table structure for table `failed_jobs`
--

DROP TABLE IF EXISTS `failed_jobs`;
CREATE TABLE IF NOT EXISTS `failed_jobs` (
  `id` bigint(20) UNSIGNED NOT NULL AUTO_INCREMENT,
  `connection` text COLLATE utf8mb4_unicode_ci NOT NULL,
  `queue` text COLLATE utf8mb4_unicode_ci NOT NULL,
  `payload` longtext COLLATE utf8mb4_unicode_ci NOT NULL,
  `exception` longtext COLLATE utf8mb4_unicode_ci NOT NULL,
  `failed_at` timestamp NOT NULL DEFAULT CURRENT_TIMESTAMP,
  PRIMARY KEY (`id`)
) ENGINE=MyISAM DEFAULT CHARSET=utf8mb4 COLLATE=utf8mb4_unicode_ci;

-- --------------------------------------------------------

--
-- Table structure for table `migrations`
--

DROP TABLE IF EXISTS `migrations`;
CREATE TABLE IF NOT EXISTS `migrations` (
  `id` int(10) UNSIGNED NOT NULL AUTO_INCREMENT,
  `migration` varchar(191) COLLATE utf8mb4_unicode_ci NOT NULL,
  `batch` int(11) NOT NULL,
  PRIMARY KEY (`id`)
) ENGINE=MyISAM AUTO_INCREMENT=24 DEFAULT CHARSET=utf8mb4 COLLATE=utf8mb4_unicode_ci;

--
-- Dumping data for table `migrations`
--

INSERT INTO `migrations` (`id`, `migration`, `batch`) VALUES
(1, '2014_10_12_000000_create_users_table', 1),
(2, '2014_10_12_100000_create_password_resets_table', 1),
(3, '2019_08_19_000000_create_failed_jobs_table', 1),
(4, '2021_02_03_063659_create_countries_table', 1),
(5, '2021_02_03_063713_create_states_table', 1),
(6, '2021_02_03_063723_create_cities_table', 2),
(7, '2021_02_03_063735_create_departments_table', 3),
(8, '2021_02_03_063123_create_employees_table', 4),
(9, '2021_02_04_171612_create_roles_table', 5),
(10, '2021_02_04_171617_create_permissions_table', 5),
(11, '2021_02_04_171709_create_users_permissions_table', 5),
(12, '2021_02_04_172053_create_users_roles_table', 5),
(13, '2021_02_04_172155_create_roles_permissions_table', 5),
(19, '2016_06_01_000001_create_oauth_auth_codes_table', 6),
(20, '2016_06_01_000002_create_oauth_access_tokens_table', 6),
(21, '2016_06_01_000003_create_oauth_refresh_tokens_table', 6),
(22, '2016_06_01_000004_create_oauth_clients_table', 6),
(23, '2016_06_01_000005_create_oauth_personal_access_clients_table', 6);

-- --------------------------------------------------------

--
-- Table structure for table `oauth_access_tokens`
--

DROP TABLE IF EXISTS `oauth_access_tokens`;
CREATE TABLE IF NOT EXISTS `oauth_access_tokens` (
  `id` varchar(100) COLLATE utf8mb4_unicode_ci NOT NULL,
  `user_id` bigint(20) UNSIGNED DEFAULT NULL,
  `client_id` char(36) COLLATE utf8mb4_unicode_ci NOT NULL,
  `name` varchar(191) COLLATE utf8mb4_unicode_ci DEFAULT NULL,
  `scopes` text COLLATE utf8mb4_unicode_ci,
  `revoked` tinyint(1) NOT NULL,
  `created_at` timestamp NULL DEFAULT NULL,
  `updated_at` timestamp NULL DEFAULT NULL,
  `expires_at` datetime DEFAULT NULL,
  PRIMARY KEY (`id`),
  KEY `oauth_access_tokens_user_id_index` (`user_id`)
) ENGINE=MyISAM DEFAULT CHARSET=utf8mb4 COLLATE=utf8mb4_unicode_ci;

--
-- Dumping data for table `oauth_access_tokens`
--

INSERT INTO `oauth_access_tokens` (`id`, `user_id`, `client_id`, `name`, `scopes`, `revoked`, `created_at`, `updated_at`, `expires_at`) VALUES
('db6ad000c3e90cb1741d728a5b9ebbb37a03010e21e6932194da54f37c1e40fe06c17ea9ccaa4b46', 1, '92a80aa7-ed2a-4ec8-b2b6-beeea03c14f4', 'authToken', '[]', 0, '2021-02-05 01:17:23', '2021-02-05 01:17:23', '2022-02-05 06:47:23'),
('767278ed7ced4f37d4f1d63df655f17664cc0d869ca9fe08335bd75d4f9367df869ba44a4a5b463b', 2, '92a80aa7-ed2a-4ec8-b2b6-beeea03c14f4', 'authToken', '[]', 0, '2021-02-05 01:27:02', '2021-02-05 01:27:02', '2022-02-05 06:57:02');

-- --------------------------------------------------------

--
-- Table structure for table `oauth_auth_codes`
--

DROP TABLE IF EXISTS `oauth_auth_codes`;
CREATE TABLE IF NOT EXISTS `oauth_auth_codes` (
  `id` varchar(100) COLLATE utf8mb4_unicode_ci NOT NULL,
  `user_id` bigint(20) UNSIGNED NOT NULL,
  `client_id` char(36) COLLATE utf8mb4_unicode_ci NOT NULL,
  `scopes` text COLLATE utf8mb4_unicode_ci,
  `revoked` tinyint(1) NOT NULL,
  `expires_at` datetime DEFAULT NULL,
  PRIMARY KEY (`id`),
  KEY `oauth_auth_codes_user_id_index` (`user_id`)
) ENGINE=MyISAM DEFAULT CHARSET=utf8mb4 COLLATE=utf8mb4_unicode_ci;

-- --------------------------------------------------------

--
-- Table structure for table `oauth_clients`
--

DROP TABLE IF EXISTS `oauth_clients`;
CREATE TABLE IF NOT EXISTS `oauth_clients` (
  `id` char(36) COLLATE utf8mb4_unicode_ci NOT NULL,
  `user_id` bigint(20) UNSIGNED DEFAULT NULL,
  `name` varchar(191) COLLATE utf8mb4_unicode_ci NOT NULL,
  `secret` varchar(100) COLLATE utf8mb4_unicode_ci DEFAULT NULL,
  `provider` varchar(191) COLLATE utf8mb4_unicode_ci DEFAULT NULL,
  `redirect` text COLLATE utf8mb4_unicode_ci NOT NULL,
  `personal_access_client` tinyint(1) NOT NULL,
  `password_client` tinyint(1) NOT NULL,
  `revoked` tinyint(1) NOT NULL,
  `created_at` timestamp NULL DEFAULT NULL,
  `updated_at` timestamp NULL DEFAULT NULL,
  PRIMARY KEY (`id`),
  KEY `oauth_clients_user_id_index` (`user_id`)
) ENGINE=MyISAM DEFAULT CHARSET=utf8mb4 COLLATE=utf8mb4_unicode_ci;

--
-- Dumping data for table `oauth_clients`
--

INSERT INTO `oauth_clients` (`id`, `user_id`, `name`, `secret`, `provider`, `redirect`, `personal_access_client`, `password_client`, `revoked`, `created_at`, `updated_at`) VALUES
('92a80aa7-ed2a-4ec8-b2b6-beeea03c14f4', NULL, 'Laravel Personal Access Client', 'Jje3BFO6CRyFjmkHYQm5o9SYrROLMZDqUeeuydSi', NULL, 'http://localhost', 1, 0, 0, '2021-02-05 00:21:49', '2021-02-05 00:21:49'),
('92a80aa7-f0e1-4bea-953c-69fc24f3f600', NULL, 'Laravel Password Grant Client', 'NRXhp1NQ5BI1GhxLlUchMLLkrstWyVpkqRPM6Uev', 'users', 'http://localhost', 0, 1, 0, '2021-02-05 00:21:49', '2021-02-05 00:21:49');

-- --------------------------------------------------------

--
-- Table structure for table `oauth_personal_access_clients`
--

DROP TABLE IF EXISTS `oauth_personal_access_clients`;
CREATE TABLE IF NOT EXISTS `oauth_personal_access_clients` (
  `id` bigint(20) UNSIGNED NOT NULL AUTO_INCREMENT,
  `client_id` char(36) COLLATE utf8mb4_unicode_ci NOT NULL,
  `created_at` timestamp NULL DEFAULT NULL,
  `updated_at` timestamp NULL DEFAULT NULL,
  PRIMARY KEY (`id`)
) ENGINE=MyISAM AUTO_INCREMENT=2 DEFAULT CHARSET=utf8mb4 COLLATE=utf8mb4_unicode_ci;

--
-- Dumping data for table `oauth_personal_access_clients`
--

INSERT INTO `oauth_personal_access_clients` (`id`, `client_id`, `created_at`, `updated_at`) VALUES
(1, '92a80aa7-ed2a-4ec8-b2b6-beeea03c14f4', '2021-02-05 00:21:49', '2021-02-05 00:21:49');

-- --------------------------------------------------------

--
-- Table structure for table `oauth_refresh_tokens`
--

DROP TABLE IF EXISTS `oauth_refresh_tokens`;
CREATE TABLE IF NOT EXISTS `oauth_refresh_tokens` (
  `id` varchar(100) COLLATE utf8mb4_unicode_ci NOT NULL,
  `access_token_id` varchar(100) COLLATE utf8mb4_unicode_ci NOT NULL,
  `revoked` tinyint(1) NOT NULL,
  `expires_at` datetime DEFAULT NULL,
  PRIMARY KEY (`id`),
  KEY `oauth_refresh_tokens_access_token_id_index` (`access_token_id`)
) ENGINE=MyISAM DEFAULT CHARSET=utf8mb4 COLLATE=utf8mb4_unicode_ci;

-- --------------------------------------------------------

--
-- Table structure for table `password_resets`
--

DROP TABLE IF EXISTS `password_resets`;
CREATE TABLE IF NOT EXISTS `password_resets` (
  `email` varchar(191) COLLATE utf8mb4_unicode_ci NOT NULL,
  `token` varchar(191) COLLATE utf8mb4_unicode_ci NOT NULL,
  `created_at` timestamp NULL DEFAULT NULL,
  KEY `password_resets_email_index` (`email`)
) ENGINE=MyISAM DEFAULT CHARSET=utf8mb4 COLLATE=utf8mb4_unicode_ci;

-- --------------------------------------------------------

--
-- Table structure for table `permissions`
--

DROP TABLE IF EXISTS `permissions`;
CREATE TABLE IF NOT EXISTS `permissions` (
  `id` bigint(20) UNSIGNED NOT NULL AUTO_INCREMENT,
  `name` varchar(191) COLLATE utf8mb4_unicode_ci NOT NULL,
  `slug` varchar(191) COLLATE utf8mb4_unicode_ci NOT NULL,
  `created_at` timestamp NULL DEFAULT NULL,
  `updated_at` timestamp NULL DEFAULT NULL,
  PRIMARY KEY (`id`)
) ENGINE=MyISAM AUTO_INCREMENT=4 DEFAULT CHARSET=utf8mb4 COLLATE=utf8mb4_unicode_ci;

--
-- Dumping data for table `permissions`
--

INSERT INTO `permissions` (`id`, `name`, `slug`, `created_at`, `updated_at`) VALUES
(1, 'System Management', 'system-management', NULL, NULL),
(2, 'Employee Management', 'employee-management', NULL, NULL),
(3, 'User Management', 'user-management', NULL, NULL);

-- --------------------------------------------------------

--
-- Table structure for table `roles`
--

DROP TABLE IF EXISTS `roles`;
CREATE TABLE IF NOT EXISTS `roles` (
  `id` bigint(20) UNSIGNED NOT NULL AUTO_INCREMENT,
  `name` varchar(191) COLLATE utf8mb4_unicode_ci NOT NULL,
  `slug` varchar(191) COLLATE utf8mb4_unicode_ci NOT NULL,
  `created_at` timestamp NULL DEFAULT NULL,
  `updated_at` timestamp NULL DEFAULT NULL,
  PRIMARY KEY (`id`)
) ENGINE=MyISAM AUTO_INCREMENT=5 DEFAULT CHARSET=utf8mb4 COLLATE=utf8mb4_unicode_ci;

--
-- Dumping data for table `roles`
--

INSERT INTO `roles` (`id`, `name`, `slug`, `created_at`, `updated_at`) VALUES
(1, 'Super Admin', 'super-admin', NULL, NULL),
(2, 'System Admin', 'system-admin', NULL, NULL),
(3, 'Employee Management', 'employee-management', NULL, NULL),
(4, 'User Management', 'user-management', NULL, NULL);

-- --------------------------------------------------------

--
-- Table structure for table `roles_permissions`
--

DROP TABLE IF EXISTS `roles_permissions`;
CREATE TABLE IF NOT EXISTS `roles_permissions` (
  `role_id` bigint(20) UNSIGNED NOT NULL,
  `permission_id` bigint(20) UNSIGNED NOT NULL,
  PRIMARY KEY (`role_id`,`permission_id`),
  KEY `roles_permissions_permission_id_foreign` (`permission_id`)
) ENGINE=MyISAM DEFAULT CHARSET=utf8mb4 COLLATE=utf8mb4_unicode_ci;

--
-- Dumping data for table `roles_permissions`
--

INSERT INTO `roles_permissions` (`role_id`, `permission_id`) VALUES
(1, 1),
(1, 2),
(1, 3);

-- --------------------------------------------------------

--
-- Table structure for table `states`
--

DROP TABLE IF EXISTS `states`;
CREATE TABLE IF NOT EXISTS `states` (
  `id` bigint(20) UNSIGNED NOT NULL AUTO_INCREMENT,
  `country_id` bigint(20) UNSIGNED NOT NULL,
  `name` varchar(191) COLLATE utf8mb4_unicode_ci DEFAULT NULL,
  `created_at` timestamp NULL DEFAULT NULL,
  `updated_at` timestamp NULL DEFAULT NULL,
  `deleted_at` timestamp NULL DEFAULT NULL,
  PRIMARY KEY (`id`),
  KEY `states_country_id_foreign` (`country_id`)
) ENGINE=MyISAM AUTO_INCREMENT=3 DEFAULT CHARSET=utf8mb4 COLLATE=utf8mb4_unicode_ci;

--
-- Dumping data for table `states`
--

INSERT INTO `states` (`id`, `country_id`, `name`, `created_at`, `updated_at`, `deleted_at`) VALUES
(1, 83, 'Delhi', '2021-02-04 00:50:05', '2021-02-06 04:29:27', NULL),
(2, 16, 'Denmark', '2021-02-04 05:26:53', '2021-02-04 05:26:53', NULL);

-- --------------------------------------------------------

--
-- Table structure for table `users`
--

DROP TABLE IF EXISTS `users`;
CREATE TABLE IF NOT EXISTS `users` (
  `id` bigint(20) UNSIGNED NOT NULL AUTO_INCREMENT,
  `username` varchar(191) COLLATE utf8mb4_unicode_ci NOT NULL,
  `first_name` varchar(191) COLLATE utf8mb4_unicode_ci DEFAULT NULL,
  `last_name` varchar(191) COLLATE utf8mb4_unicode_ci DEFAULT NULL,
  `email` varchar(191) COLLATE utf8mb4_unicode_ci NOT NULL,
  `email_verified_at` timestamp NULL DEFAULT NULL,
  `password` varchar(191) COLLATE utf8mb4_unicode_ci NOT NULL,
  `remember_token` varchar(100) COLLATE utf8mb4_unicode_ci DEFAULT NULL,
  `created_at` timestamp NULL DEFAULT NULL,
  `updated_at` timestamp NULL DEFAULT NULL,
  `deleted_at` timestamp NULL DEFAULT NULL,
  PRIMARY KEY (`id`),
  UNIQUE KEY `users_username_unique` (`username`),
  UNIQUE KEY `users_email_unique` (`email`)
) ENGINE=MyISAM AUTO_INCREMENT=2 DEFAULT CHARSET=utf8mb4 COLLATE=utf8mb4_unicode_ci;

--
-- Dumping data for table `users`
--

INSERT INTO `users` (`id`, `username`, `first_name`, `last_name`, `email`, `email_verified_at`, `password`, `remember_token`, `created_at`, `updated_at`, `deleted_at`) VALUES
(1, 'superadmin', 'superadmin', 'superadmin', 'superadmin@gmail.com', '2021-02-06 02:36:09', '$2y$10$Y2bPdhMHpI.Hn03If55Kpee7OIdUHUau4bVPUwgB6BKvofjmokiNS', 'P9Zz8mzf63gt3DC974aeYmaulpIc5gQHfVUwkweGTOXCs18pczItMO32kkGs', '2021-02-06 02:36:09', '2021-02-06 02:36:09', NULL);

-- --------------------------------------------------------

--
-- Table structure for table `users_permissions`
--

DROP TABLE IF EXISTS `users_permissions`;
CREATE TABLE IF NOT EXISTS `users_permissions` (
  `user_id` bigint(20) UNSIGNED NOT NULL,
  `permission_id` bigint(20) UNSIGNED NOT NULL,
  PRIMARY KEY (`user_id`,`permission_id`),
  KEY `users_permissions_permission_id_foreign` (`permission_id`)
) ENGINE=MyISAM DEFAULT CHARSET=utf8mb4 COLLATE=utf8mb4_unicode_ci;

-- --------------------------------------------------------

--
-- Table structure for table `users_roles`
--

DROP TABLE IF EXISTS `users_roles`;
CREATE TABLE IF NOT EXISTS `users_roles` (
  `user_id` bigint(20) UNSIGNED NOT NULL,
  `role_id` bigint(20) UNSIGNED NOT NULL,
  PRIMARY KEY (`user_id`,`role_id`),
  KEY `users_roles_role_id_foreign` (`role_id`)
) ENGINE=MyISAM DEFAULT CHARSET=utf8mb4 COLLATE=utf8mb4_unicode_ci;

--
-- Dumping data for table `users_roles`
--

INSERT INTO `users_roles` (`user_id`, `role_id`) VALUES
(1, 1);
COMMIT;

/*!40101 SET CHARACTER_SET_CLIENT=@OLD_CHARACTER_SET_CLIENT */;
/*!40101 SET CHARACTER_SET_RESULTS=@OLD_CHARACTER_SET_RESULTS */;
/*!40101 SET COLLATION_CONNECTION=@OLD_COLLATION_CONNECTION */;
